date,register_id,expected_cash,actual_cash,variance,note
2024-01-01,R01,1671.45,1672.29,0.84,
2024-01-01,R02,877.17,850.05,-27.12,Short — review POS logins for this register/date
2024-01-01,R03,847.44,851.78,4.34,
2024-01-02,R01,2240.32,2243.17,2.85,
2024-01-02,R02,904.21,876.93,-27.28,Short — review POS logins for this register/date
2024-01-02,R03,1882.18,1882.33,0.15,
2024-01-03,R01,1286.6,1284.18,-2.42,
2024-01-03,R02,1243.23,1211.1,-32.13,Short — review POS logins for this register/date
2024-01-03,R03,1429.8,1428.58,-1.22,
2024-01-04,R01,1699.08,1703.68,4.6,
2024-01-04,R02,1846.81,1814.93,-31.88,Short — review POS logins for this register/date
2024-01-04,R03,1825.5,1822.54,-2.96,
2024-01-05,R01,1324.38,1319.74,-4.64,
2024-01-05,R02,1538.79,1522.7,-16.09,
2024-01-05,R03,1948.16,1948.02,-0.14,
2024-01-06,R01,876.02,877.42,1.4,
2024-01-06,R02,1532.16,1516.7,-15.46,
2024-01-06,R03,1881.72,1877.74,-3.98,
2024-01-07,R01,1912.51,1909.54,-2.97,
2024-01-07,R02,1455.53,1426.77,-28.76,Short — review POS logins for this register/date
2024-01-07,R03,1542.63,1542.58,-0.05,
2024-01-08,R01,1872.88,1875.24,2.36,
2024-01-08,R02,1493.86,1473.52,-20.34,Short — review POS logins for this register/date
2024-01-08,R03,1138.68,1134.51,-4.17,
2024-01-09,R01,1430.9,1426.62,-4.28,
2024-01-09,R02,1410.07,1388.95,-21.12,Short — review POS logins for this register/date
2024-01-09,R03,1325.51,1330.23,4.72,
2024-01-10,R01,1374.39,1373.0,-1.39,
2024-01-10,R02,1441.94,1426.7,-15.24,
2024-01-10,R03,1218.23,1213.61,-4.62,
2024-01-11,R01,1247.34,1242.93,-4.41,
2024-01-11,R02,2392.42,2365.86,-26.56,Short — review POS logins for this register/date
2024-01-11,R03,1256.21,1260.06,3.85,
2024-01-12,R01,934.2,931.37,-2.83,
2024-01-12,R02,833.18,809.0,-24.18,Short — review POS logins for this register/date
2024-01-12,R03,1327.19,1329.14,1.95,
2024-01-13,R01,2195.06,2193.78,-1.28,
2024-01-13,R02,1563.13,1540.09,-23.04,Short — review POS logins for this register/date
2024-01-13,R03,1606.29,1609.65,3.36,
2024-01-14,R01,1583.73,1582.02,-1.71,
2024-01-14,R02,1918.45,1898.3,-20.15,Short — review POS logins for this register/date
2024-01-14,R03,1737.99,1742.89,4.9,
2024-01-15,R01,1736.33,1731.45,-4.88,
2024-01-15,R02,1044.45,1023.49,-20.96,Short — review POS logins for this register/date
2024-01-15,R03,1135.85,1137.16,1.31,
2024-01-16,R01,1379.42,1378.24,-1.18,
2024-01-16,R02,1292.15,1275.97,-16.18,
2024-01-16,R03,2292.64,2290.49,-2.15,
2024-01-17,R01,1462.55,1461.64,-0.91,
2024-01-17,R02,1630.95,1598.55,-32.4,Short — review POS logins for this register/date
2024-01-17,R03,2318.94,2321.22,2.28,
2024-01-18,R01,1364.53,1362.96,-1.57,
2024-01-18,R02,1622.93,1599.88,-23.05,Short — review POS logins for this register/date
2024-01-18,R03,2067.52,2063.93,-3.59,
2024-01-19,R01,1524.76,1526.85,2.09,
2024-01-19,R02,825.23,797.18,-28.05,Short — review POS logins for this register/date
2024-01-19,R03,1493.64,1489.67,-3.97,
2024-01-20,R01,1629.64,1629.12,-0.52,
2024-01-20,R02,1198.03,1174.54,-23.49,Short — review POS logins for this register/date
2024-01-20,R03,851.65,852.62,0.97,
2024-01-21,R01,1935.93,1936.87,0.94,
2024-01-21,R02,2243.35,2210.95,-32.4,Short — review POS logins for this register/date
2024-01-21,R03,2042.9,2045.17,2.27,
2024-01-22,R01,1728.43,1727.81,-0.62,
2024-01-22,R02,2363.03,2347.79,-15.24,
2024-01-22,R03,1993.8,1994.33,0.53,
2024-01-23,R01,1412.94,1417.32,4.38,
2024-01-23,R02,1337.51,1305.61,-31.9,Short — review POS logins for this register/date
2024-01-23,R03,924.15,924.2,0.05,
2024-01-24,R01,2377.88,2377.63,-0.25,
2024-01-24,R02,1328.53,1306.59,-21.94,Short — review POS logins for this register/date
2024-01-24,R03,1706.82,1705.65,-1.17,
2024-01-25,R01,1899.29,1896.28,-3.01,
2024-01-25,R02,1390.89,1358.26,-32.63,Short — review POS logins for this register/date
2024-01-25,R03,1576.68,1574.01,-2.67,
2024-01-26,R01,1886.97,1888.94,1.97,
2024-01-26,R02,2346.78,2317.64,-29.14,Short — review POS logins for this register/date
2024-01-26,R03,1075.45,1076.55,1.1,
2024-01-27,R01,2056.07,2060.67,4.6,
2024-01-27,R02,2279.49,2263.6,-15.89,
2024-01-27,R03,1546.88,1548.55,1.67,
2024-01-28,R01,1872.53,1876.45,3.92,
2024-01-28,R02,1103.08,1071.43,-31.65,Short — review POS logins for this register/date
2024-01-28,R03,1422.42,1424.73,2.31,
2024-01-29,R01,1715.77,1717.18,1.41,
2024-01-29,R02,2295.85,2262.48,-33.37,Short — review POS logins for this register/date
2024-01-29,R03,1306.46,1306.34,-0.12,
2024-01-30,R01,2344.58,2349.46,4.88,
2024-01-30,R02,1391.94,1368.99,-22.95,Short — review POS logins for this register/date
2024-01-30,R03,1825.37,1826.32,0.95,
2024-01-31,R01,2007.76,2009.75,1.99,
2024-01-31,R02,1016.13,990.79,-25.34,Short — review POS logins for this register/date
2024-01-31,R03,1715.09,1712.58,-2.51,
2024-02-01,R01,2226.49,2231.34,4.85,
2024-02-01,R02,1018.84,1002.0,-16.84,
2024-02-01,R03,1705.88,1707.12,1.24,
2024-02-02,R01,1072.31,1074.84,2.53,
2024-02-02,R02,2164.65,2136.38,-28.27,Short — review POS logins for this register/date
2024-02-02,R03,1433.01,1431.56,-1.45,
2024-02-03,R01,2256.15,2255.04,-1.11,
2024-02-03,R02,1516.82,1487.27,-29.55,Short — review POS logins for this register/date
2024-02-03,R03,2289.82,2286.93,-2.89,
2024-02-04,R01,1202.29,1205.26,2.97,
2024-02-04,R02,1954.84,1921.34,-33.5,Short — review POS logins for this register/date
2024-02-04,R03,1564.32,1566.95,2.63,
2024-02-05,R01,1498.13,1501.03,2.9,
2024-02-05,R02,1202.23,1168.3,-33.93,Short — review POS logins for this register/date
2024-02-05,R03,1948.45,1946.44,-2.01,
2024-02-06,R01,1333.15,1335.1,1.95,
2024-02-06,R02,942.54,927.14,-15.4,
2024-02-06,R03,2122.25,2119.91,-2.34,
2024-02-07,R01,1979.22,1976.82,-2.4,
2024-02-07,R02,1050.5,1032.88,-17.62,
2024-02-07,R03,1892.32,1894.38,2.06,
2024-02-08,R01,1145.65,1148.56,2.91,
2024-02-08,R02,1804.24,1782.57,-21.67,Short — review POS logins for this register/date
2024-02-08,R03,1573.79,1569.79,-4.0,
2024-02-09,R01,1066.44,1071.32,4.88,
2024-02-09,R02,1534.61,1513.08,-21.53,Short — review POS logins for this register/date
2024-02-09,R03,1857.22,1859.6,2.38,
2024-02-10,R01,1399.49,1396.42,-3.07,
2024-02-10,R02,1258.84,1235.03,-23.81,Short — review POS logins for this register/date
2024-02-10,R03,1803.36,1804.69,1.33,
2024-02-11,R01,1148.37,1145.56,-2.81,
2024-02-11,R02,1783.85,1749.42,-34.43,Short — review POS logins for this register/date
2024-02-11,R03,1774.14,1775.02,0.88,
2024-02-12,R01,1630.51,1628.68,-1.83,
2024-02-12,R02,1982.11,1948.63,-33.48,Short — review POS logins for this register/date
2024-02-12,R03,1353.99,1356.32,2.33,
2024-02-13,R01,1752.0,1754.99,2.99,
2024-02-13,R02,2016.49,1995.05,-21.44,Short — review POS logins for this register/date
2024-02-13,R03,1739.89,1742.36,2.47,
2024-02-14,R01,1289.11,1291.43,2.32,
2024-02-14,R02,2013.87,1994.63,-19.24,
2024-02-14,R03,829.05,829.0,-0.05,
2024-02-15,R01,1206.89,1208.57,1.68,
2024-02-15,R02,847.16,812.98,-34.18,Short — review POS logins for this register/date
2024-02-15,R03,822.96,820.53,-2.43,
2024-02-16,R01,1385.39,1385.51,0.12,
2024-02-16,R02,1403.66,1387.79,-15.87,
2024-02-16,R03,2361.84,2360.91,-0.93,
2024-02-17,R01,1953.82,1950.18,-3.64,
2024-02-17,R02,2382.46,2359.82,-22.64,Short — review POS logins for this register/date
2024-02-17,R03,2073.32,2070.92,-2.4,
2024-02-18,R01,1118.06,1119.65,1.59,
2024-02-18,R02,1230.44,1210.6,-19.84,
2024-02-18,R03,1744.47,1743.77,-0.7,
2024-02-19,R01,2050.58,2047.0,-3.58,
2024-02-19,R02,2130.96,2105.33,-25.63,Short — review POS logins for this register/date
2024-02-19,R03,1273.93,1269.41,-4.52,
2024-02-20,R01,2253.8,2255.8,2.0,
2024-02-20,R02,1952.49,1920.02,-32.47,Short — review POS logins for this register/date
2024-02-20,R03,2282.87,2282.28,-0.59,
2024-02-21,R01,2313.91,2317.63,3.72,
2024-02-21,R02,1563.12,1538.87,-24.25,Short — review POS logins for this register/date
2024-02-21,R03,2084.36,2079.43,-4.93,
2024-02-22,R01,2065.13,2064.19,-0.94,
2024-02-22,R02,948.46,918.89,-29.57,Short — review POS logins for this register/date
2024-02-22,R03,1394.89,1390.63,-4.26,
2024-02-23,R01,1484.93,1488.3,3.37,
2024-02-23,R02,2205.8,2185.75,-20.05,Short — review POS logins for this register/date
2024-02-23,R03,1570.99,1570.74,-0.25,
2024-02-24,R01,1426.41,1428.39,1.98,
2024-02-24,R02,2136.34,2120.67,-15.67,
2024-02-24,R03,1645.43,1649.78,4.35,
2024-02-25,R01,1552.73,1551.61,-1.12,
2024-02-25,R02,2306.45,2291.23,-15.22,
2024-02-25,R03,2020.84,2019.74,-1.1,
2024-02-26,R01,2293.96,2298.93,4.97,
2024-02-26,R02,1956.35,1922.18,-34.17,Short — review POS logins for this register/date
2024-02-26,R03,1952.47,1956.09,3.62,
2024-02-27,R01,2094.28,2091.3,-2.98,
2024-02-27,R02,1385.59,1360.15,-25.44,Short — review POS logins for this register/date
2024-02-27,R03,1543.33,1548.3,4.97,
2024-02-28,R01,1549.34,1544.86,-4.48,
2024-02-28,R02,1141.14,1112.04,-29.1,Short — review POS logins for this register/date
2024-02-28,R03,2100.88,2100.39,-0.49,
2024-02-29,R01,1187.16,1188.16,1.0,
2024-02-29,R02,1084.32,1051.87,-32.45,Short — review POS logins for this register/date
2024-02-29,R03,813.13,814.45,1.32,
2024-03-01,R01,2159.61,2164.23,4.62,
2024-03-01,R02,1206.51,1172.12,-34.39,Short — review POS logins for this register/date
2024-03-01,R03,1417.3,1415.91,-1.39,
2024-03-02,R01,1737.39,1742.24,4.85,
2024-03-02,R02,1987.2,1957.87,-29.33,Short — review POS logins for this register/date
2024-03-02,R03,2215.5,2211.4,-4.1,
2024-03-03,R01,1936.77,1934.26,-2.51,
2024-03-03,R02,1207.21,1190.06,-17.15,
2024-03-03,R03,2037.57,2037.88,0.31,
2024-03-04,R01,2258.71,2254.44,-4.27,
2024-03-04,R02,1070.89,1050.01,-20.88,Short — review POS logins for this register/date
2024-03-04,R03,1873.42,1871.57,-1.85,
2024-03-05,R01,894.04,889.21,-4.83,
2024-03-05,R02,1716.7,1697.75,-18.95,
2024-03-05,R03,1760.79,1757.49,-3.3,
2024-03-06,R01,2133.74,2138.59,4.85,
2024-03-06,R02,845.51,812.13,-33.38,Short — review POS logins for this register/date
2024-03-06,R03,1098.41,1096.32,-2.09,
2024-03-07,R01,945.92,945.07,-0.85,
2024-03-07,R02,1201.71,1184.54,-17.17,
2024-03-07,R03,1568.82,1573.03,4.21,
2024-03-08,R01,1766.3,1766.95,0.65,
2024-03-08,R02,963.53,940.35,-23.18,Short — review POS logins for this register/date
2024-03-08,R03,1059.56,1058.48,-1.08,
2024-03-09,R01,2007.49,2006.52,-0.97,
2024-03-09,R02,980.45,955.75,-24.7,Short — review POS logins for this register/date
2024-03-09,R03,832.63,829.76,-2.87,
2024-03-10,R01,1539.77,1542.74,2.97,
2024-03-10,R02,2290.82,2260.39,-30.43,Short — review POS logins for this register/date
2024-03-10,R03,2303.18,2302.01,-1.17,
2024-03-11,R01,2164.45,2161.34,-3.11,
2024-03-11,R02,2252.36,2228.15,-24.21,Short — review POS logins for this register/date
2024-03-11,R03,939.17,940.12,0.95,
2024-03-12,R01,1763.9,1761.44,-2.46,
2024-03-12,R02,2275.54,2249.81,-25.73,Short — review POS logins for this register/date
2024-03-12,R03,2288.12,2286.37,-1.75,
2024-03-13,R01,1211.03,1213.03,2.0,
2024-03-13,R02,1395.7,1376.69,-19.01,
2024-03-13,R03,867.53,870.04,2.51,
2024-03-14,R01,1351.23,1353.04,1.81,
2024-03-14,R02,1011.3,992.99,-18.31,
2024-03-14,R03,1446.56,1441.72,-4.84,
2024-03-15,R01,2391.8,2394.88,3.08,
2024-03-15,R02,2373.85,2340.86,-32.99,Short — review POS logins for this register/date
2024-03-15,R03,1885.25,1883.96,-1.29,
2024-03-16,R01,830.58,827.97,-2.61,
2024-03-16,R02,1799.36,1779.5,-19.86,
2024-03-16,R03,2090.67,2093.56,2.89,
2024-03-17,R01,1246.38,1245.66,-0.72,
2024-03-17,R02,1948.69,1927.39,-21.3,Short — review POS logins for this register/date
2024-03-17,R03,1587.67,1587.08,-0.59,
2024-03-18,R01,1620.64,1625.21,4.57,
2024-03-18,R02,1484.62,1460.8,-23.82,Short — review POS logins for this register/date
2024-03-18,R03,1480.41,1484.53,4.12,
2024-03-19,R01,2286.19,2288.79,2.6,
2024-03-19,R02,1527.19,1510.66,-16.53,
2024-03-19,R03,1793.65,1798.4,4.75,
2024-03-20,R01,1461.46,1458.5,-2.96,
2024-03-20,R02,829.43,807.42,-22.01,Short — review POS logins for this register/date
2024-03-20,R03,1044.8,1047.05,2.25,
2024-03-21,R01,2089.53,2090.91,1.38,
2024-03-21,R02,970.52,953.73,-16.79,
2024-03-21,R03,918.62,920.01,1.39,
2024-03-22,R01,874.51,873.44,-1.07,
2024-03-22,R02,1171.24,1146.54,-24.7,Short — review POS logins for this register/date
2024-03-22,R03,1486.78,1490.77,3.99,
2024-03-23,R01,1435.26,1433.58,-1.68,
2024-03-23,R02,1514.04,1484.02,-30.02,Short — review POS logins for this register/date
2024-03-23,R03,1145.08,1148.65,3.57,
2024-03-24,R01,805.34,810.28,4.94,
2024-03-24,R02,1587.29,1566.68,-20.61,Short — review POS logins for this register/date
2024-03-24,R03,1883.78,1888.62,4.84,
2024-03-25,R01,2291.73,2294.8,3.07,
2024-03-25,R02,1657.84,1635.98,-21.86,Short — review POS logins for this register/date
2024-03-25,R03,2045.8,2042.25,-3.55,
2024-03-26,R01,969.3,966.31,-2.99,
2024-03-26,R02,1141.04,1113.76,-27.28,Short — review POS logins for this register/date
2024-03-26,R03,1119.24,1114.66,-4.58,
2024-03-27,R01,1472.98,1471.86,-1.12,
2024-03-27,R02,965.55,931.8,-33.75,Short — review POS logins for this register/date
2024-03-27,R03,2072.23,2073.68,1.45,
2024-03-28,R01,1693.0,1691.02,-1.98,
2024-03-28,R02,2211.08,2190.81,-20.27,Short — review POS logins for this register/date
2024-03-28,R03,1703.41,1700.7,-2.71,
2024-03-29,R01,1504.62,1504.85,0.23,
2024-03-29,R02,948.75,923.23,-25.52,Short — review POS logins for this register/date
2024-03-29,R03,1509.17,1507.14,-2.03,
2024-03-30,R01,2267.58,2269.41,1.83,
2024-03-30,R02,983.98,963.52,-20.46,Short — review POS logins for this register/date
2024-03-30,R03,1780.14,1776.15,-3.99,
2024-03-31,R01,1932.99,1934.58,1.59,
2024-03-31,R02,2038.04,2014.19,-23.85,Short — review POS logins for this register/date
2024-03-31,R03,1741.92,1739.23,-2.69,
2024-04-01,R01,933.96,935.79,1.83,
2024-04-01,R02,1602.7,1587.67,-15.03,
2024-04-01,R03,1344.09,1339.12,-4.97,
2024-04-02,R01,1893.87,1890.01,-3.86,
2024-04-02,R02,1928.27,1904.44,-23.83,Short — review POS logins for this register/date
2024-04-02,R03,1543.79,1539.89,-3.9,
2024-04-03,R01,2031.22,2033.27,2.05,
2024-04-03,R02,2371.12,2345.15,-25.97,Short — review POS logins for this register/date
2024-04-03,R03,1163.11,1162.47,-0.64,
2024-04-04,R01,1415.76,1411.22,-4.54,
2024-04-04,R02,811.39,791.92,-19.47,
2024-04-04,R03,1186.05,1184.78,-1.27,
2024-04-05,R01,1620.57,1625.51,4.94,
2024-04-05,R02,1809.26,1790.5,-18.76,
2024-04-05,R03,1635.14,1632.59,-2.55,
2024-04-06,R01,1713.44,1712.48,-0.96,
2024-04-06,R02,1405.05,1377.11,-27.94,Short — review POS logins for this register/date
2024-04-06,R03,2091.98,2094.36,2.38,
2024-04-07,R01,1938.84,1933.92,-4.92,
2024-04-07,R02,2360.99,2341.04,-19.95,
2024-04-07,R03,1199.83,1199.64,-0.19,
2024-04-08,R01,1651.42,1646.79,-4.63,
2024-04-08,R02,1555.56,1520.93,-34.63,Short — review POS logins for this register/date
2024-04-08,R03,1478.22,1476.26,-1.96,
2024-04-09,R01,894.73,892.22,-2.51,
2024-04-09,R02,1021.86,997.35,-24.51,Short — review POS logins for this register/date
2024-04-09,R03,1372.36,1375.4,3.04,
2024-04-10,R01,2321.11,2317.03,-4.08,
2024-04-10,R02,1335.54,1303.2,-32.34,Short — review POS logins for this register/date
2024-04-10,R03,1169.14,1168.45,-0.69,
2024-04-11,R01,2032.88,2030.31,-2.57,
2024-04-11,R02,1164.21,1136.46,-27.75,Short — review POS logins for this register/date
2024-04-11,R03,1668.01,1669.93,1.92,
2024-04-12,R01,870.39,872.57,2.18,
2024-04-12,R02,1676.22,1643.55,-32.67,Short — review POS logins for this register/date
2024-04-12,R03,2252.84,2252.55,-0.29,
2024-04-13,R01,1085.87,1090.21,4.34,
2024-04-13,R02,971.95,952.5,-19.45,
2024-04-13,R03,2060.23,2061.01,0.78,
2024-04-14,R01,1988.25,1984.25,-4.0,
2024-04-14,R02,2056.03,2035.37,-20.66,Short — review POS logins for this register/date
2024-04-14,R03,1638.53,1641.01,2.48,
2024-04-15,R01,1059.02,1056.17,-2.85,
2024-04-15,R02,2254.22,2237.53,-16.69,
2024-04-15,R03,2306.16,2309.7,3.54,
2024-04-16,R01,1807.49,1809.31,1.82,
2024-04-16,R02,2163.35,2129.12,-34.23,Short — review POS logins for this register/date
2024-04-16,R03,1078.28,1080.85,2.57,
2024-04-17,R01,1800.63,1797.28,-3.35,
2024-04-17,R02,1502.95,1478.2,-24.75,Short — review POS logins for this register/date
2024-04-17,R03,2259.24,2256.44,-2.8,
2024-04-18,R01,1924.12,1928.29,4.17,
2024-04-18,R02,1158.83,1143.8,-15.03,
2024-04-18,R03,1465.41,1468.81,3.4,
2024-04-19,R01,1136.19,1133.27,-2.92,
2024-04-19,R02,2057.4,2023.02,-34.38,Short — review POS logins for this register/date
2024-04-19,R03,1892.48,1887.66,-4.82,
2024-04-20,R01,1907.57,1910.17,2.6,
2024-04-20,R02,2106.63,2082.03,-24.6,Short — review POS logins for this register/date
2024-04-20,R03,1937.34,1938.6,1.26,
2024-04-21,R01,1282.95,1284.45,1.5,
2024-04-21,R02,2046.04,2016.42,-29.62,Short — review POS logins for this register/date
2024-04-21,R03,1954.66,1952.5,-2.16,
2024-04-22,R01,1919.55,1920.83,1.28,
2024-04-22,R02,807.62,788.81,-18.81,
2024-04-22,R03,1173.77,1175.78,2.01,
2024-04-23,R01,2357.1,2361.35,4.25,
2024-04-23,R02,1980.59,1960.15,-20.44,Short — review POS logins for this register/date
2024-04-23,R03,961.37,966.26,4.89,
2024-04-24,R01,1918.05,1916.27,-1.78,
2024-04-24,R02,1735.98,1716.41,-19.57,
2024-04-24,R03,1162.57,1161.12,-1.45,
2024-04-25,R01,892.48,892.47,-0.01,
2024-04-25,R02,1379.95,1357.36,-22.59,Short — review POS logins for this register/date
2024-04-25,R03,2091.09,2088.27,-2.82,
2024-04-26,R01,978.31,977.95,-0.36,
2024-04-26,R02,1039.87,1011.57,-28.3,Short — review POS logins for this register/date
2024-04-26,R03,2019.83,2017.26,-2.57,
2024-04-27,R01,993.94,993.17,-0.77,
2024-04-27,R02,1622.25,1590.7,-31.55,Short — review POS logins for this register/date
2024-04-27,R03,2252.47,2252.69,0.22,
2024-04-28,R01,1028.3,1027.9,-0.4,
2024-04-28,R02,1982.52,1948.33,-34.19,Short — review POS logins for this register/date
2024-04-28,R03,2029.7,2027.29,-2.41,
2024-04-29,R01,2370.88,2368.27,-2.61,
2024-04-29,R02,1577.76,1561.66,-16.1,
2024-04-29,R03,919.06,922.28,3.22,
2024-04-30,R01,1827.52,1829.11,1.59,
2024-04-30,R02,1717.9,1697.35,-20.55,Short — review POS logins for this register/date
2024-04-30,R03,1738.42,1740.16,1.74,
2024-05-01,R01,1788.72,1791.3,2.58,
2024-05-01,R02,1017.12,986.92,-30.2,Short — review POS logins for this register/date
2024-05-01,R03,1942.1,1938.15,-3.95,
2024-05-02,R01,1189.85,1193.76,3.91,
2024-05-02,R02,1932.27,1909.53,-22.74,Short — review POS logins for this register/date
2024-05-02,R03,1752.89,1756.46,3.57,
2024-05-03,R01,1837.37,1837.37,-0.0,
2024-05-03,R02,1169.75,1141.96,-27.79,Short — review POS logins for this register/date
2024-05-03,R03,1299.53,1301.43,1.9,
2024-05-04,R01,1320.76,1324.3,3.54,
2024-05-04,R02,1744.24,1717.47,-26.77,Short — review POS logins for this register/date
2024-05-04,R03,1929.82,1924.95,-4.87,
2024-05-05,R01,1043.1,1039.19,-3.91,
2024-05-05,R02,1004.28,975.74,-28.54,Short — review POS logins for this register/date
2024-05-05,R03,1781.82,1779.92,-1.9,
2024-05-06,R01,1882.89,1878.74,-4.15,
2024-05-06,R02,1954.51,1929.66,-24.85,Short — review POS logins for this register/date
2024-05-06,R03,2340.54,2337.06,-3.48,
2024-05-07,R01,1428.84,1425.56,-3.28,
2024-05-07,R02,2211.6,2184.7,-26.9,Short — review POS logins for this register/date
2024-05-07,R03,1969.22,1965.63,-3.59,
2024-05-08,R01,1635.58,1639.14,3.56,
2024-05-08,R02,1485.69,1468.33,-17.36,
2024-05-08,R03,1776.31,1777.41,1.1,
2024-05-09,R01,2223.01,2226.57,3.56,
2024-05-09,R02,2234.08,2210.38,-23.7,Short — review POS logins for this register/date
2024-05-09,R03,2196.38,2192.93,-3.45,
2024-05-10,R01,1164.55,1166.1,1.55,
2024-05-10,R02,1217.7,1187.69,-30.01,Short — review POS logins for this register/date
2024-05-10,R03,1318.88,1319.22,0.34,
2024-05-11,R01,1286.42,1284.09,-2.33,
2024-05-11,R02,914.85,882.01,-32.84,Short — review POS logins for this register/date
2024-05-11,R03,1985.3,1985.53,0.23,
2024-05-12,R01,1068.45,1066.47,-1.98,
2024-05-12,R02,1653.97,1623.25,-30.72,Short — review POS logins for this register/date
2024-05-12,R03,949.01,945.71,-3.3,
2024-05-13,R01,1737.98,1735.02,-2.96,
2024-05-13,R02,1247.09,1219.72,-27.37,Short — review POS logins for this register/date
2024-05-13,R03,1370.94,1369.17,-1.77,
2024-05-14,R01,1182.51,1178.91,-3.6,
2024-05-14,R02,1929.7,1897.19,-32.51,Short — review POS logins for this register/date
2024-05-14,R03,1094.77,1091.3,-3.47,
2024-05-15,R01,1624.6,1628.22,3.62,
2024-05-15,R02,1526.57,1501.9,-24.67,Short — review POS logins for this register/date
2024-05-15,R03,2170.81,2173.37,2.56,
2024-05-16,R01,2344.16,2343.55,-0.61,
2024-05-16,R02,2280.41,2265.32,-15.09,
2024-05-16,R03,1274.25,1279.18,4.93,
2024-05-17,R01,1607.96,1609.29,1.33,
2024-05-17,R02,1346.66,1325.09,-21.57,Short — review POS logins for this register/date
2024-05-17,R03,1498.08,1495.89,-2.19,
2024-05-18,R01,1040.7,1041.94,1.24,
2024-05-18,R02,929.91,902.73,-27.18,Short — review POS logins for this register/date
2024-05-18,R03,1138.44,1140.33,1.89,
2024-05-19,R01,1243.23,1242.38,-0.85,
2024-05-19,R02,1457.13,1441.64,-15.49,
2024-05-19,R03,1941.24,1936.63,-4.61,
2024-05-20,R01,1596.53,1595.91,-0.62,
2024-05-20,R02,1307.0,1276.08,-30.92,Short — review POS logins for this register/date
2024-05-20,R03,808.46,806.35,-2.11,
2024-05-21,R01,1936.93,1940.6,3.67,
2024-05-21,R02,1285.69,1253.56,-32.13,Short — review POS logins for this register/date
2024-05-21,R03,1425.93,1421.66,-4.27,
2024-05-22,R01,1411.28,1412.59,1.31,
2024-05-22,R02,2039.37,2019.82,-19.55,
2024-05-22,R03,949.9,953.13,3.23,
2024-05-23,R01,1642.45,1644.39,1.94,
2024-05-23,R02,1016.18,994.0,-22.18,Short — review POS logins for this register/date
2024-05-23,R03,1697.54,1697.98,0.44,
2024-05-24,R01,1438.97,1440.94,1.97,
2024-05-24,R02,903.34,868.67,-34.67,Short — review POS logins for this register/date
2024-05-24,R03,994.45,995.57,1.12,
2024-05-25,R01,1664.13,1666.87,2.74,
2024-05-25,R02,1942.78,1920.06,-22.72,Short — review POS logins for this register/date
2024-05-25,R03,1155.49,1155.15,-0.34,
2024-05-26,R01,1862.22,1864.22,2.0,
2024-05-26,R02,1588.49,1555.97,-32.52,Short — review POS logins for this register/date
2024-05-26,R03,1399.38,1395.33,-4.05,
2024-05-27,R01,928.85,932.21,3.36,
2024-05-27,R02,1058.23,1027.45,-30.78,Short — review POS logins for this register/date
2024-05-27,R03,1240.76,1236.82,-3.94,
2024-05-28,R01,1102.13,1099.56,-2.57,
2024-05-28,R02,2007.4,1992.1,-15.3,
2024-05-28,R03,1572.35,1568.19,-4.16,
2024-05-29,R01,1289.01,1290.69,1.68,
2024-05-29,R02,2078.87,2046.96,-31.91,Short — review POS logins for this register/date
2024-05-29,R03,1871.36,1868.46,-2.9,
2024-05-30,R01,2161.92,2162.91,0.99,
2024-05-30,R02,1745.61,1730.2,-15.41,
2024-05-30,R03,1754.81,1755.2,0.39,
2024-05-31,R01,1128.84,1129.34,0.5,
2024-05-31,R02,1498.01,1468.28,-29.73,Short — review POS logins for this register/date
2024-05-31,R03,2257.49,2257.26,-0.23,
2024-06-01,R01,2288.12,2286.0,-2.12,
2024-06-01,R02,2051.66,2032.63,-19.03,
2024-06-01,R03,1358.68,1356.23,-2.45,
2024-06-02,R01,1168.52,1167.61,-0.91,
2024-06-02,R02,999.6,978.37,-21.23,Short — review POS logins for this register/date
2024-06-02,R03,1736.45,1735.2,-1.25,
2024-06-03,R01,1612.13,1608.57,-3.56,
2024-06-03,R02,1761.84,1737.23,-24.61,Short — review POS logins for this register/date
2024-06-03,R03,1180.16,1182.92,2.76,
2024-06-04,R01,1784.23,1784.89,0.66,
2024-06-04,R02,1509.72,1478.96,-30.76,Short — review POS logins for this register/date
2024-06-04,R03,1244.12,1243.45,-0.67,
2024-06-05,R01,814.63,810.74,-3.89,
2024-06-05,R02,892.85,865.88,-26.97,Short — review POS logins for this register/date
2024-06-05,R03,1436.53,1432.04,-4.49,
2024-06-06,R01,1818.46,1821.58,3.12,
2024-06-06,R02,819.14,792.82,-26.32,Short — review POS logins for this register/date
2024-06-06,R03,2197.49,2196.35,-1.14,
2024-06-07,R01,1669.31,1669.69,0.38,
2024-06-07,R02,1588.44,1556.7,-31.74,Short — review POS logins for this register/date
2024-06-07,R03,894.17,891.58,-2.59,
2024-06-08,R01,1489.15,1488.09,-1.06,
2024-06-08,R02,1225.87,1191.78,-34.09,Short — review POS logins for this register/date
2024-06-08,R03,1983.84,1979.23,-4.61,
2024-06-09,R01,924.5,926.06,1.56,
2024-06-09,R02,1849.35,1821.05,-28.3,Short — review POS logins for this register/date
2024-06-09,R03,1454.67,1455.03,0.36,
2024-06-10,R01,2028.85,2024.26,-4.59,
2024-06-10,R02,1981.7,1959.52,-22.18,Short — review POS logins for this register/date
2024-06-10,R03,1766.44,1764.0,-2.44,
2024-06-11,R01,2261.05,2261.77,0.72,
2024-06-11,R02,932.57,911.09,-21.48,Short — review POS logins for this register/date
2024-06-11,R03,1380.27,1384.09,3.82,
2024-06-12,R01,1189.96,1192.51,2.55,
2024-06-12,R02,2144.56,2124.96,-19.6,
2024-06-12,R03,1865.23,1862.11,-3.12,
2024-06-13,R01,1575.12,1572.22,-2.9,
2024-06-13,R02,1486.79,1469.0,-17.79,
2024-06-13,R03,2267.67,2266.94,-0.73,
2024-06-14,R01,2200.86,2197.47,-3.39,
2024-06-14,R02,2047.97,2020.07,-27.9,Short — review POS logins for this register/date
2024-06-14,R03,1706.16,1703.36,-2.8,
2024-06-15,R01,825.07,825.29,0.22,
2024-06-15,R02,1810.73,1784.54,-26.19,Short — review POS logins for this register/date
2024-06-15,R03,1571.98,1574.96,2.98,
2024-06-16,R01,2090.85,2090.88,0.03,
2024-06-16,R02,866.98,841.82,-25.16,Short — review POS logins for this register/date
2024-06-16,R03,2361.95,2360.51,-1.44,
2024-06-17,R01,1672.89,1672.52,-0.37,
2024-06-17,R02,2018.46,1987.67,-30.79,Short — review POS logins for this register/date
2024-06-17,R03,1515.45,1513.15,-2.3,
2024-06-18,R01,1966.41,1963.97,-2.44,
2024-06-18,R02,1354.18,1335.65,-18.53,
2024-06-18,R03,1358.39,1356.9,-1.49,
2024-06-19,R01,1758.97,1755.59,-3.38,
2024-06-19,R02,1894.51,1860.35,-34.16,Short — review POS logins for this register/date
2024-06-19,R03,2153.02,2153.29,0.27,
2024-06-20,R01,1383.72,1387.28,3.56,
2024-06-20,R02,2303.42,2287.27,-16.15,
2024-06-20,R03,1152.51,1153.16,0.65,
2024-06-21,R01,1563.09,1561.46,-1.63,
2024-06-21,R02,1131.35,1099.19,-32.16,Short — review POS logins for this register/date
2024-06-21,R03,1623.89,1626.81,2.92,
2024-06-22,R01,2016.69,2013.61,-3.08,
2024-06-22,R02,1236.44,1217.39,-19.05,
2024-06-22,R03,1213.55,1214.48,0.93,
2024-06-23,R01,1165.47,1166.87,1.4,
2024-06-23,R02,848.44,832.85,-15.59,
2024-06-23,R03,2333.17,2334.38,1.21,
2024-06-24,R01,1206.36,1201.95,-4.41,
2024-06-24,R02,1975.74,1942.11,-33.63,Short — review POS logins for this register/date
2024-06-24,R03,1579.48,1582.09,2.61,
2024-06-25,R01,1250.75,1252.84,2.09,
2024-06-25,R02,2151.39,2131.87,-19.52,
2024-06-25,R03,847.64,844.26,-3.38,
2024-06-26,R01,1356.12,1352.45,-3.67,
2024-06-26,R02,1525.12,1491.15,-33.97,Short — review POS logins for this register/date
2024-06-26,R03,831.07,832.01,0.94,
2024-06-27,R01,1518.02,1515.41,-2.61,
2024-06-27,R02,978.78,953.19,-25.59,Short — review POS logins for this register/date
2024-06-27,R03,2316.88,2317.69,0.81,
2024-06-28,R01,1305.34,1304.24,-1.1,
2024-06-28,R02,1948.69,1929.24,-19.45,
2024-06-28,R03,2147.54,2151.42,3.88,
2024-06-29,R01,1064.56,1064.79,0.23,
2024-06-29,R02,1467.62,1432.79,-34.83,Short — review POS logins for this register/date
2024-06-29,R03,875.43,876.35,0.92,
2024-06-30,R01,1003.61,1004.88,1.27,
2024-06-30,R02,1991.98,1972.11,-19.87,
2024-06-30,R03,1810.25,1814.64,4.39,
2024-07-01,R01,2333.57,2332.71,-0.86,
2024-07-01,R02,1010.07,994.17,-15.9,
2024-07-01,R03,1728.81,1730.73,1.92,
2024-07-02,R01,1389.6,1384.69,-4.91,
2024-07-02,R02,2323.18,2306.66,-16.52,
2024-07-02,R03,1967.15,1971.88,4.73,
2024-07-03,R01,1132.46,1132.16,-0.3,
2024-07-03,R02,2379.86,2364.8,-15.06,
2024-07-03,R03,1019.46,1018.14,-1.32,
2024-07-04,R01,1467.13,1463.48,-3.65,
2024-07-04,R02,1308.33,1279.63,-28.7,Short — review POS logins for this register/date
2024-07-04,R03,2277.22,2281.27,4.05,
2024-07-05,R01,1918.97,1915.27,-3.7,
2024-07-05,R02,1018.31,992.89,-25.42,Short — review POS logins for this register/date
2024-07-05,R03,2323.06,2318.31,-4.75,
2024-07-06,R01,1465.34,1466.96,1.62,
2024-07-06,R02,2284.54,2259.47,-25.07,Short — review POS logins for this register/date
2024-07-06,R03,1215.42,1215.47,0.05,
2024-07-07,R01,1793.54,1795.83,2.29,
2024-07-07,R02,1345.77,1322.81,-22.96,Short — review POS logins for this register/date
2024-07-07,R03,1824.05,1824.54,0.49,
2024-07-08,R01,1632.43,1632.83,0.4,
2024-07-08,R02,905.37,872.18,-33.19,Short — review POS logins for this register/date
2024-07-08,R03,1554.03,1558.74,4.71,
2024-07-09,R01,1234.91,1233.43,-1.48,
2024-07-09,R02,1612.99,1597.01,-15.98,
2024-07-09,R03,2139.22,2137.25,-1.97,
2024-07-10,R01,2348.16,2343.95,-4.21,
2024-07-10,R02,1820.71,1795.17,-25.54,Short — review POS logins for this register/date
2024-07-10,R03,2003.03,2007.17,4.14,
2024-07-11,R01,997.13,993.57,-3.56,
2024-07-11,R02,1666.13,1650.68,-15.45,
2024-07-11,R03,1455.23,1455.67,0.44,
2024-07-12,R01,1775.61,1771.44,-4.17,
2024-07-12,R02,2311.77,2280.59,-31.18,Short — review POS logins for this register/date
2024-07-12,R03,1529.89,1534.55,4.66,
2024-07-13,R01,1448.08,1446.03,-2.05,
2024-07-13,R02,1601.85,1578.82,-23.03,Short — review POS logins for this register/date
2024-07-13,R03,1681.96,1684.81,2.85,
2024-07-14,R01,1155.16,1159.16,4.0,
2024-07-14,R02,1606.43,1573.18,-33.25,Short — review POS logins for this register/date
2024-07-14,R03,2153.26,2155.66,2.4,
2024-07-15,R01,1401.47,1399.98,-1.49,
2024-07-15,R02,2020.48,1986.16,-34.32,Short — review POS logins for this register/date
2024-07-15,R03,2080.54,2079.47,-1.07,
2024-07-16,R01,1126.53,1123.59,-2.94,
2024-07-16,R02,1640.88,1621.93,-18.95,
2024-07-16,R03,854.15,854.33,0.18,
2024-07-17,R01,2011.62,2013.39,1.77,
2024-07-17,R02,1286.16,1252.23,-33.93,Short — review POS logins for this register/date
2024-07-17,R03,1803.12,1806.51,3.39,
2024-07-18,R01,1734.62,1738.51,3.89,
2024-07-18,R02,966.35,931.72,-34.63,Short — review POS logins for this register/date
2024-07-18,R03,2144.37,2139.37,-5.0,
2024-07-19,R01,2303.56,2306.35,2.79,
2024-07-19,R02,1230.54,1197.23,-33.31,Short — review POS logins for this register/date
2024-07-19,R03,1733.06,1734.99,1.93,
2024-07-20,R01,2342.78,2339.63,-3.15,
2024-07-20,R02,807.08,774.22,-32.86,Short — review POS logins for this register/date
2024-07-20,R03,808.98,807.82,-1.16,
2024-07-21,R01,1087.49,1082.59,-4.9,
2024-07-21,R02,864.02,838.77,-25.25,Short — review POS logins for this register/date
2024-07-21,R03,1990.72,1993.37,2.65,
2024-07-22,R01,2028.69,2031.59,2.9,
2024-07-22,R02,1545.82,1529.93,-15.89,
2024-07-22,R03,1615.05,1614.13,-0.92,
2024-07-23,R01,2026.59,2028.72,2.13,
2024-07-23,R02,2110.87,2091.6,-19.27,
2024-07-23,R03,1771.64,1773.83,2.19,
2024-07-24,R01,2001.19,2006.1,4.91,
2024-07-24,R02,1767.96,1734.64,-33.32,Short — review POS logins for this register/date
2024-07-24,R03,2202.82,2199.95,-2.87,
2024-07-25,R01,2375.66,2378.38,2.72,
2024-07-25,R02,1233.07,1206.81,-26.26,Short — review POS logins for this register/date
2024-07-25,R03,1910.78,1914.06,3.28,
2024-07-26,R01,1550.29,1547.84,-2.45,
2024-07-26,R02,915.68,898.94,-16.74,
2024-07-26,R03,1441.75,1444.9,3.15,
2024-07-27,R01,2292.41,2297.07,4.66,
2024-07-27,R02,1471.93,1441.56,-30.37,Short — review POS logins for this register/date
2024-07-27,R03,1814.37,1809.93,-4.44,
2024-07-28,R01,1663.45,1662.29,-1.16,
2024-07-28,R02,1612.04,1596.24,-15.8,
2024-07-28,R03,2336.25,2331.72,-4.53,
2024-07-29,R01,1145.75,1145.57,-0.18,
2024-07-29,R02,1633.55,1605.15,-28.4,Short — review POS logins for this register/date
2024-07-29,R03,2101.45,2106.29,4.84,
2024-07-30,R01,2113.45,2114.1,0.65,
2024-07-30,R02,2249.15,2216.85,-32.3,Short — review POS logins for this register/date
2024-07-30,R03,2163.21,2163.5,0.29,
2024-07-31,R01,1080.13,1083.47,3.34,
2024-07-31,R02,1135.97,1117.35,-18.62,
2024-07-31,R03,2354.63,2351.48,-3.15,
2024-08-01,R01,1648.18,1644.35,-3.83,
2024-08-01,R02,2140.4,2111.32,-29.08,Short — review POS logins for this register/date
2024-08-01,R03,1848.61,1848.99,0.38,
2024-08-02,R01,1168.5,1165.8,-2.7,
2024-08-02,R02,1315.65,1293.74,-21.91,Short — review POS logins for this register/date
2024-08-02,R03,1933.59,1933.62,0.03,
2024-08-03,R01,1179.29,1176.98,-2.31,
2024-08-03,R02,886.53,853.52,-33.01,Short — review POS logins for this register/date
2024-08-03,R03,1490.69,1492.7,2.01,
2024-08-04,R01,1055.6,1052.62,-2.98,
2024-08-04,R02,2199.08,2164.6,-34.48,Short — review POS logins for this register/date
2024-08-04,R03,837.43,832.59,-4.84,
2024-08-05,R01,1724.71,1725.5,0.79,
2024-08-05,R02,2124.96,2093.34,-31.62,Short — review POS logins for this register/date
2024-08-05,R03,1649.11,1644.21,-4.9,
2024-08-06,R01,2324.66,2321.26,-3.4,
2024-08-06,R02,819.56,791.04,-28.52,Short — review POS logins for this register/date
2024-08-06,R03,988.98,985.73,-3.25,
2024-08-07,R01,2301.17,2305.24,4.07,
2024-08-07,R02,1389.37,1362.43,-26.94,Short — review POS logins for this register/date
2024-08-07,R03,1175.18,1174.81,-0.37,
2024-08-08,R01,2180.34,2178.07,-2.27,
2024-08-08,R02,1640.93,1617.67,-23.26,Short — review POS logins for this register/date
2024-08-08,R03,1636.71,1632.72,-3.99,
2024-08-09,R01,1515.97,1517.0,1.03,
2024-08-09,R02,2076.03,2057.37,-18.66,
2024-08-09,R03,1016.75,1019.63,2.88,
2024-08-10,R01,1852.12,1848.94,-3.18,
2024-08-10,R02,1839.68,1806.23,-33.45,Short — review POS logins for this register/date
2024-08-10,R03,2387.6,2388.2,0.6,
2024-08-11,R01,1405.79,1403.89,-1.9,
2024-08-11,R02,1305.79,1282.9,-22.89,Short — review POS logins for this register/date
2024-08-11,R03,1811.77,1808.44,-3.33,
2024-08-12,R01,2333.74,2330.27,-3.47,
2024-08-12,R02,1526.61,1494.84,-31.77,Short — review POS logins for this register/date
2024-08-12,R03,1757.06,1761.64,4.58,
2024-08-13,R01,1780.75,1777.18,-3.57,
2024-08-13,R02,1167.28,1146.53,-20.75,Short — review POS logins for this register/date
2024-08-13,R03,2216.45,2220.13,3.68,
2024-08-14,R01,1665.13,1666.48,1.35,
2024-08-14,R02,982.33,964.63,-17.7,
2024-08-14,R03,2119.26,2116.5,-2.76,
2024-08-15,R01,1858.85,1862.07,3.22,
2024-08-15,R02,2155.56,2137.04,-18.52,
2024-08-15,R03,1586.43,1589.2,2.77,
2024-08-16,R01,1286.92,1287.94,1.02,
2024-08-16,R02,1515.01,1490.7,-24.31,Short — review POS logins for this register/date
2024-08-16,R03,1239.11,1239.7,0.59,
2024-08-17,R01,2116.73,2118.9,2.17,
2024-08-17,R02,862.64,836.94,-25.7,Short — review POS logins for this register/date
2024-08-17,R03,1661.54,1660.92,-0.62,
2024-08-18,R01,927.95,926.54,-1.41,
2024-08-18,R02,1593.04,1563.52,-29.52,Short — review POS logins for this register/date
2024-08-18,R03,1722.24,1722.32,0.08,
2024-08-19,R01,1700.59,1702.57,1.98,
2024-08-19,R02,839.82,815.22,-24.6,Short — review POS logins for this register/date
2024-08-19,R03,1842.73,1846.17,3.44,
2024-08-20,R01,2156.94,2154.46,-2.48,
2024-08-20,R02,2171.85,2154.13,-17.72,
2024-08-20,R03,1028.02,1025.15,-2.87,
2024-08-21,R01,1326.53,1325.44,-1.09,
2024-08-21,R02,2352.16,2318.5,-33.66,Short — review POS logins for this register/date
2024-08-21,R03,831.58,835.38,3.8,
2024-08-22,R01,1642.0,1646.21,4.21,
2024-08-22,R02,1858.23,1838.48,-19.75,
2024-08-22,R03,1354.83,1353.72,-1.11,
2024-08-23,R01,1176.67,1180.49,3.82,
2024-08-23,R02,1533.16,1500.23,-32.93,Short — review POS logins for this register/date
2024-08-23,R03,1339.58,1343.98,4.4,
2024-08-24,R01,1350.62,1348.92,-1.7,
2024-08-24,R02,1519.07,1503.27,-15.8,
2024-08-24,R03,1604.95,1601.98,-2.97,
2024-08-25,R01,1525.8,1526.84,1.04,
2024-08-25,R02,2325.14,2298.09,-27.05,Short — review POS logins for this register/date
2024-08-25,R03,1751.82,1753.9,2.08,
2024-08-26,R01,1967.4,1966.76,-0.64,
2024-08-26,R02,1052.98,1031.44,-21.54,Short — review POS logins for this register/date
2024-08-26,R03,1823.97,1822.1,-1.87,
2024-08-27,R01,1157.41,1155.08,-2.33,
2024-08-27,R02,1424.32,1401.64,-22.68,Short — review POS logins for this register/date
2024-08-27,R03,1538.92,1537.25,-1.67,
2024-08-28,R01,964.99,967.24,2.25,
2024-08-28,R02,2077.0,2055.39,-21.61,Short — review POS logins for this register/date
2024-08-28,R03,2269.59,2268.99,-0.6,
2024-08-29,R01,994.42,990.72,-3.7,
2024-08-29,R02,1485.02,1467.27,-17.75,
2024-08-29,R03,1775.8,1780.41,4.61,
2024-08-30,R01,1086.25,1085.72,-0.53,
2024-08-30,R02,813.05,787.7,-25.35,Short — review POS logins for this register/date
2024-08-30,R03,2232.3,2235.27,2.97,
2024-08-31,R01,1286.67,1282.39,-4.28,
2024-08-31,R02,2347.9,2330.8,-17.1,
2024-08-31,R03,2123.87,2127.33,3.46,
2024-09-01,R01,1519.84,1520.7,0.86,
2024-09-01,R02,1892.2,1869.21,-22.99,Short — review POS logins for this register/date
2024-09-01,R03,2090.45,2087.88,-2.57,
2024-09-02,R01,1424.02,1420.19,-3.83,
2024-09-02,R02,1241.4,1213.04,-28.36,Short — review POS logins for this register/date
2024-09-02,R03,2101.68,2097.74,-3.94,
2024-09-03,R01,1699.52,1701.23,1.71,
2024-09-03,R02,2328.32,2310.86,-17.46,
2024-09-03,R03,1399.1,1400.56,1.46,
2024-09-04,R01,1815.71,1813.36,-2.35,
2024-09-04,R02,1206.88,1190.9,-15.98,
2024-09-04,R03,1376.02,1380.36,4.34,
2024-09-05,R01,1395.59,1391.41,-4.18,
2024-09-05,R02,812.64,778.78,-33.86,Short — review POS logins for this register/date
2024-09-05,R03,830.33,830.34,0.01,
2024-09-06,R01,829.75,830.57,0.82,
2024-09-06,R02,1259.55,1234.71,-24.84,Short — review POS logins for this register/date
2024-09-06,R03,1139.13,1135.94,-3.19,
2024-09-07,R01,1541.49,1539.33,-2.16,
2024-09-07,R02,1521.79,1506.01,-15.78,
2024-09-07,R03,1489.43,1484.63,-4.8,
2024-09-08,R01,1560.59,1559.48,-1.11,
2024-09-08,R02,1348.63,1320.28,-28.35,Short — review POS logins for this register/date
2024-09-08,R03,1717.0,1714.05,-2.95,
2024-09-09,R01,2181.38,2185.04,3.66,
2024-09-09,R02,1990.81,1973.07,-17.74,
2024-09-09,R03,2395.82,2397.43,1.61,
2024-09-10,R01,2258.2,2257.83,-0.37,
2024-09-10,R02,839.65,805.49,-34.16,Short — review POS logins for this register/date
2024-09-10,R03,2293.74,2295.68,1.94,
2024-09-11,R01,953.57,953.91,0.34,
2024-09-11,R02,1550.16,1516.49,-33.67,Short — review POS logins for this register/date
2024-09-11,R03,1336.11,1337.42,1.31,
2024-09-12,R01,1082.96,1080.64,-2.32,
2024-09-12,R02,2322.42,2302.46,-19.96,
2024-09-12,R03,1710.17,1706.64,-3.53,
2024-09-13,R01,1443.98,1441.55,-2.43,
2024-09-13,R02,847.37,822.91,-24.46,Short — review POS logins for this register/date
2024-09-13,R03,1106.87,1108.62,1.75,
2024-09-14,R01,2275.39,2271.41,-3.98,
2024-09-14,R02,2386.85,2370.9,-15.95,
2024-09-14,R03,1228.08,1228.16,0.08,
2024-09-15,R01,1440.45,1440.05,-0.4,
2024-09-15,R02,2006.24,1977.72,-28.52,Short — review POS logins for this register/date
2024-09-15,R03,2261.54,2260.38,-1.16,
2024-09-16,R01,1722.52,1720.5,-2.02,
2024-09-16,R02,1988.21,1970.55,-17.66,
2024-09-16,R03,833.41,832.1,-1.31,
2024-09-17,R01,1134.65,1133.19,-1.46,
2024-09-17,R02,2073.15,2054.3,-18.85,
2024-09-17,R03,2179.94,2180.49,0.55,
2024-09-18,R01,1111.95,1107.4,-4.55,
2024-09-18,R02,2159.71,2135.57,-24.14,Short — review POS logins for this register/date
2024-09-18,R03,1389.82,1392.69,2.87,
2024-09-19,R01,1157.44,1159.72,2.28,
2024-09-19,R02,1751.5,1725.96,-25.54,Short — review POS logins for this register/date
2024-09-19,R03,1539.01,1541.15,2.14,
2024-09-20,R01,1137.15,1138.91,1.76,
2024-09-20,R02,1288.0,1258.04,-29.96,Short — review POS logins for this register/date
2024-09-20,R03,2034.78,2031.63,-3.15,
2024-09-21,R01,1867.31,1870.05,2.74,
2024-09-21,R02,869.6,847.69,-21.91,Short — review POS logins for this register/date
2024-09-21,R03,2014.44,2016.95,2.51,
2024-09-22,R01,1050.63,1048.88,-1.75,
2024-09-22,R02,2110.45,2089.09,-21.36,Short — review POS logins for this register/date
2024-09-22,R03,1136.49,1132.25,-4.24,
2024-09-23,R01,1866.63,1867.93,1.3,
2024-09-23,R02,1943.09,1916.72,-26.37,Short — review POS logins for this register/date
2024-09-23,R03,1252.43,1252.15,-0.28,
2024-09-24,R01,2246.32,2247.25,0.93,
2024-09-24,R02,2011.46,1977.54,-33.92,Short — review POS logins for this register/date
2024-09-24,R03,2232.76,2229.59,-3.17,
2024-09-25,R01,861.34,861.09,-0.25,
2024-09-25,R02,946.81,922.92,-23.89,Short — review POS logins for this register/date
2024-09-25,R03,1903.42,1907.65,4.23,
2024-09-26,R01,1735.42,1739.48,4.06,
2024-09-26,R02,2033.33,2012.89,-20.44,Short — review POS logins for this register/date
2024-09-26,R03,2192.01,2189.66,-2.35,
2024-09-27,R01,857.96,854.93,-3.03,
2024-09-27,R02,1675.07,1655.25,-19.82,
2024-09-27,R03,2269.62,2270.26,0.64,
2024-09-28,R01,1851.17,1853.61,2.44,
2024-09-28,R02,2069.31,2041.22,-28.09,Short — review POS logins for this register/date
2024-09-28,R03,2000.31,2000.04,-0.27,
2024-09-29,R01,1549.99,1546.22,-3.77,
2024-09-29,R02,813.38,791.13,-22.25,Short — review POS logins for this register/date
2024-09-29,R03,1812.38,1814.25,1.87,
2024-09-30,R01,2088.74,2086.64,-2.1,
2024-09-30,R02,1555.13,1534.17,-20.96,Short — review POS logins for this register/date
2024-09-30,R03,808.03,810.67,2.64,
2024-10-01,R01,970.81,975.65,4.84,
2024-10-01,R02,2082.36,2048.53,-33.83,Short — review POS logins for this register/date
2024-10-01,R03,2029.03,2033.3,4.27,
2024-10-02,R01,2369.28,2365.62,-3.66,
2024-10-02,R02,2042.27,2026.12,-16.15,
2024-10-02,R03,2149.52,2146.65,-2.87,
2024-10-03,R01,1648.43,1647.65,-0.78,
2024-10-03,R02,1144.04,1121.55,-22.49,Short — review POS logins for this register/date
2024-10-03,R03,1690.2,1686.5,-3.7,
2024-10-04,R01,1200.15,1199.36,-0.79,
2024-10-04,R02,1445.46,1413.08,-32.38,Short — review POS logins for this register/date
2024-10-04,R03,1513.15,1513.85,0.7,
2024-10-05,R01,1743.04,1744.94,1.9,
2024-10-05,R02,1446.42,1424.6,-21.82,Short — review POS logins for this register/date
2024-10-05,R03,2202.19,2204.66,2.47,
2024-10-06,R01,1734.33,1732.37,-1.96,
2024-10-06,R02,1879.76,1845.97,-33.79,Short — review POS logins for this register/date
2024-10-06,R03,1969.65,1973.83,4.18,
2024-10-07,R01,1024.61,1029.43,4.82,
2024-10-07,R02,1191.01,1172.08,-18.93,
2024-10-07,R03,1207.98,1211.38,3.4,
2024-10-08,R01,1395.15,1392.23,-2.92,
2024-10-08,R02,1911.06,1893.0,-18.06,
2024-10-08,R03,2007.69,2010.32,2.63,
2024-10-09,R01,2175.94,2174.94,-1.0,
2024-10-09,R02,1091.23,1058.85,-32.38,Short — review POS logins for this register/date
2024-10-09,R03,1112.52,1110.14,-2.38,
2024-10-10,R01,1319.35,1315.94,-3.41,
2024-10-10,R02,1524.01,1491.88,-32.13,Short — review POS logins for this register/date
2024-10-10,R03,1186.91,1190.37,3.46,
2024-10-11,R01,1914.76,1917.86,3.1,
2024-10-11,R02,1599.01,1565.22,-33.79,Short — review POS logins for this register/date
2024-10-11,R03,2364.43,2360.4,-4.03,
2024-10-12,R01,2296.54,2299.62,3.08,
2024-10-12,R02,1103.95,1073.21,-30.74,Short — review POS logins for this register/date
2024-10-12,R03,1510.14,1513.29,3.15,
2024-10-13,R01,2005.71,2004.86,-0.85,
2024-10-13,R02,2091.12,2062.26,-28.86,Short — review POS logins for this register/date
2024-10-13,R03,1396.33,1396.3,-0.03,
2024-10-14,R01,1752.15,1752.56,0.41,
2024-10-14,R02,1389.62,1369.55,-20.07,Short — review POS logins for this register/date
2024-10-14,R03,1389.62,1391.62,2.0,
2024-10-15,R01,1691.4,1689.35,-2.05,
2024-10-15,R02,1360.35,1328.9,-31.45,Short — review POS logins for this register/date
2024-10-15,R03,1768.0,1766.96,-1.04,
2024-10-16,R01,939.04,942.66,3.62,
2024-10-16,R02,2317.43,2296.05,-21.38,Short — review POS logins for this register/date
2024-10-16,R03,1215.9,1215.16,-0.74,
2024-10-17,R01,936.68,931.79,-4.89,
2024-10-17,R02,1049.98,1029.01,-20.97,Short — review POS logins for this register/date
2024-10-17,R03,2278.27,2278.19,-0.08,
2024-10-18,R01,2033.21,2032.51,-0.7,
2024-10-18,R02,982.05,961.43,-20.62,Short — review POS logins for this register/date
2024-10-18,R03,943.46,945.07,1.61,
2024-10-19,R01,1833.26,1833.1,-0.16,
2024-10-19,R02,1592.24,1574.47,-17.77,
2024-10-19,R03,916.46,920.42,3.96,
2024-10-20,R01,809.53,808.3,-1.23,
2024-10-20,R02,1923.52,1894.36,-29.16,Short — review POS logins for this register/date
2024-10-20,R03,1679.2,1676.44,-2.76,
2024-10-21,R01,1960.61,1959.66,-0.95,
2024-10-21,R02,1622.6,1597.65,-24.95,Short — review POS logins for this register/date
2024-10-21,R03,1399.97,1399.19,-0.78,
2024-10-22,R01,2020.05,2019.55,-0.5,
2024-10-22,R02,1528.95,1497.32,-31.63,Short — review POS logins for this register/date
2024-10-22,R03,968.25,967.99,-0.26,
2024-10-23,R01,1860.5,1859.95,-0.55,
2024-10-23,R02,1179.11,1144.7,-34.41,Short — review POS logins for this register/date
2024-10-23,R03,1248.78,1249.46,0.68,
2024-10-24,R01,911.76,915.56,3.8,
2024-10-24,R02,1182.18,1163.74,-18.44,
2024-10-24,R03,1790.67,1791.88,1.21,
2024-10-25,R01,2363.55,2363.07,-0.48,
2024-10-25,R02,1981.85,1960.44,-21.41,Short — review POS logins for this register/date
2024-10-25,R03,916.84,915.54,-1.3,
2024-10-26,R01,1840.36,1840.35,-0.01,
2024-10-26,R02,974.17,945.15,-29.02,Short — review POS logins for this register/date
2024-10-26,R03,1960.34,1957.26,-3.08,
2024-10-27,R01,838.09,835.85,-2.24,
2024-10-27,R02,1558.05,1526.06,-31.99,Short — review POS logins for this register/date
2024-10-27,R03,814.73,814.73,0.0,
2024-10-28,R01,2068.49,2068.0,-0.49,
2024-10-28,R02,1983.78,1953.37,-30.41,Short — review POS logins for this register/date
2024-10-28,R03,1644.39,1645.17,0.78,
2024-10-29,R01,1899.54,1899.84,0.3,
2024-10-29,R02,2033.71,2007.98,-25.73,Short — review POS logins for this register/date
2024-10-29,R03,1888.56,1893.03,4.47,
2024-10-30,R01,1948.13,1949.44,1.31,
2024-10-30,R02,1371.84,1351.04,-20.8,Short — review POS logins for this register/date
2024-10-30,R03,2347.05,2347.34,0.29,
2024-10-31,R01,890.44,890.15,-0.29,
2024-10-31,R02,1042.47,1008.55,-33.92,Short — review POS logins for this register/date
2024-10-31,R03,1759.19,1758.65,-0.54,
2024-11-01,R01,2069.41,2070.39,0.98,
2024-11-01,R02,1778.37,1752.35,-26.02,Short — review POS logins for this register/date
2024-11-01,R03,1712.49,1713.03,0.54,
2024-11-02,R01,1791.34,1787.45,-3.89,
2024-11-02,R02,1940.19,1914.13,-26.06,Short — review POS logins for this register/date
2024-11-02,R03,1399.81,1402.7,2.89,
2024-11-03,R01,1416.37,1411.73,-4.64,
2024-11-03,R02,1831.53,1814.02,-17.51,
2024-11-03,R03,1438.06,1435.67,-2.39,
2024-11-04,R01,1671.56,1666.77,-4.79,
2024-11-04,R02,1953.8,1929.17,-24.63,Short — review POS logins for this register/date
2024-11-04,R03,2099.18,2094.75,-4.43,
2024-11-05,R01,1494.05,1497.46,3.41,
2024-11-05,R02,1423.85,1394.49,-29.36,Short — review POS logins for this register/date
2024-11-05,R03,1598.27,1596.29,-1.98,
2024-11-06,R01,1147.1,1151.56,4.46,
2024-11-06,R02,2084.45,2068.88,-15.57,
2024-11-06,R03,1115.64,1119.43,3.79,
2024-11-07,R01,1314.17,1310.32,-3.85,
2024-11-07,R02,1352.77,1319.83,-32.94,Short — review POS logins for this register/date
2024-11-07,R03,1817.55,1813.21,-4.34,
2024-11-08,R01,1880.91,1883.95,3.04,
2024-11-08,R02,869.59,848.98,-20.61,Short — review POS logins for this register/date
2024-11-08,R03,1560.56,1561.78,1.22,
2024-11-09,R01,1169.5,1172.34,2.84,
2024-11-09,R02,1434.95,1401.13,-33.82,Short — review POS logins for this register/date
2024-11-09,R03,1754.46,1751.1,-3.36,
2024-11-10,R01,1378.88,1381.61,2.73,
2024-11-10,R02,1797.16,1775.41,-21.75,Short — review POS logins for this register/date
2024-11-10,R03,1662.41,1659.32,-3.09,
2024-11-11,R01,1162.2,1163.1,0.9,
2024-11-11,R02,877.78,859.73,-18.05,
2024-11-11,R03,2357.69,2355.43,-2.26,
2024-11-12,R01,891.05,895.98,4.93,
2024-11-12,R02,2119.68,2095.94,-23.74,Short — review POS logins for this register/date
2024-11-12,R03,964.11,969.09,4.98,
2024-11-13,R01,1827.06,1822.66,-4.4,
2024-11-13,R02,1228.22,1209.42,-18.8,
2024-11-13,R03,1989.12,1992.17,3.05,
2024-11-14,R01,2317.33,2317.89,0.56,
2024-11-14,R02,899.49,882.51,-16.98,
2024-11-14,R03,2363.89,2364.24,0.35,
2024-11-15,R01,1976.64,1972.11,-4.53,
2024-11-15,R02,1009.17,988.0,-21.17,Short — review POS logins for this register/date
2024-11-15,R03,1470.12,1469.36,-0.76,
2024-11-16,R01,2248.44,2249.27,0.83,
2024-11-16,R02,1179.16,1159.08,-20.08,Short — review POS logins for this register/date
2024-11-16,R03,1740.25,1737.28,-2.97,
2024-11-17,R01,2223.67,2226.5,2.83,
2024-11-17,R02,1157.11,1130.8,-26.31,Short — review POS logins for this register/date
2024-11-17,R03,2379.59,2381.9,2.31,
2024-11-18,R01,860.81,855.88,-4.93,
2024-11-18,R02,1891.37,1873.13,-18.24,
2024-11-18,R03,1382.54,1377.8,-4.74,
2024-11-19,R01,1310.89,1306.44,-4.45,
2024-11-19,R02,2046.73,2023.65,-23.08,Short — review POS logins for this register/date
2024-11-19,R03,2065.93,2067.01,1.08,
2024-11-20,R01,1402.79,1399.41,-3.38,
2024-11-20,R02,976.61,946.37,-30.24,Short — review POS logins for this register/date
2024-11-20,R03,2125.03,2129.85,4.82,
2024-11-21,R01,1803.36,1808.31,4.95,
2024-11-21,R02,2163.63,2141.67,-21.96,Short — review POS logins for this register/date
2024-11-21,R03,1121.63,1119.14,-2.49,
2024-11-22,R01,885.95,883.39,-2.56,
2024-11-22,R02,1621.1,1601.57,-19.53,
2024-11-22,R03,1294.8,1294.92,0.12,
2024-11-23,R01,2170.18,2173.45,3.27,
2024-11-23,R02,1673.08,1644.63,-28.45,Short — review POS logins for this register/date
2024-11-23,R03,1518.54,1522.47,3.93,
2024-11-24,R01,1642.97,1640.27,-2.7,
2024-11-24,R02,1052.13,1019.7,-32.43,Short — review POS logins for this register/date
2024-11-24,R03,2346.02,2341.02,-5.0,
2024-11-25,R01,1155.55,1151.19,-4.36,
2024-11-25,R02,1904.52,1879.53,-24.99,Short — review POS logins for this register/date
2024-11-25,R03,2278.78,2279.85,1.07,
2024-11-26,R01,1856.74,1860.85,4.11,
2024-11-26,R02,1986.91,1956.2,-30.71,Short — review POS logins for this register/date
2024-11-26,R03,1455.22,1458.98,3.76,
2024-11-27,R01,1777.49,1774.73,-2.76,
2024-11-27,R02,1171.11,1146.58,-24.53,Short — review POS logins for this register/date
2024-11-27,R03,2363.73,2360.38,-3.35,
2024-11-28,R01,1644.97,1645.79,0.82,
2024-11-28,R02,2289.96,2257.98,-31.98,Short — review POS logins for this register/date
2024-11-28,R03,1915.07,1916.73,1.66,
2024-11-29,R01,859.45,856.09,-3.36,
2024-11-29,R02,2296.49,2265.18,-31.31,Short — review POS logins for this register/date
2024-11-29,R03,1781.1,1781.91,0.81,
2024-11-30,R01,2180.79,2180.25,-0.54,
2024-11-30,R02,1190.98,1165.42,-25.56,Short — review POS logins for this register/date
2024-11-30,R03,944.97,946.41,1.44,
2024-12-01,R01,884.13,881.22,-2.91,
2024-12-01,R02,2291.02,2270.53,-20.49,Short — review POS logins for this register/date
2024-12-01,R03,2349.78,2344.86,-4.92,
2024-12-02,R01,1760.73,1759.05,-1.68,
2024-12-02,R02,1457.99,1442.59,-15.4,
2024-12-02,R03,1435.33,1431.33,-4.0,
2024-12-03,R01,1864.84,1859.99,-4.85,
2024-12-03,R02,2392.76,2366.96,-25.8,Short — review POS logins for this register/date
2024-12-03,R03,2081.96,2082.66,0.7,
2024-12-04,R01,1467.27,1466.29,-0.98,
2024-12-04,R02,1556.56,1539.66,-16.9,
2024-12-04,R03,1941.82,1946.32,4.5,
2024-12-05,R01,2204.51,2202.92,-1.59,
2024-12-05,R02,1192.26,1173.0,-19.26,
2024-12-05,R03,1967.0,1965.38,-1.62,
2024-12-06,R01,1476.71,1481.69,4.98,
2024-12-06,R02,908.7,892.23,-16.47,
2024-12-06,R03,2302.75,2300.12,-2.63,
2024-12-07,R01,1544.91,1542.56,-2.35,
2024-12-07,R02,1232.18,1207.21,-24.97,Short — review POS logins for this register/date
2024-12-07,R03,1710.91,1715.69,4.78,
2024-12-08,R01,876.08,871.33,-4.75,
2024-12-08,R02,1775.46,1755.43,-20.03,Short — review POS logins for this register/date
2024-12-08,R03,1471.22,1475.87,4.65,
2024-12-09,R01,984.54,980.15,-4.39,
2024-12-09,R02,2149.93,2128.62,-21.31,Short — review POS logins for this register/date
2024-12-09,R03,1413.82,1411.38,-2.44,
2024-12-10,R01,1112.05,1108.44,-3.61,
2024-12-10,R02,1603.41,1576.91,-26.5,Short — review POS logins for this register/date
2024-12-10,R03,2343.38,2345.9,2.52,
2024-12-11,R01,1863.36,1865.04,1.68,
2024-12-11,R02,1034.68,1018.97,-15.71,
2024-12-11,R03,1976.32,1974.56,-1.76,
2024-12-12,R01,1012.67,1014.38,1.71,
2024-12-12,R02,1201.15,1175.83,-25.32,Short — review POS logins for this register/date
2024-12-12,R03,900.51,903.42,2.91,
2024-12-13,R01,2191.07,2190.08,-0.99,
2024-12-13,R02,2124.43,2104.81,-19.62,
2024-12-13,R03,2270.88,2268.4,-2.48,
2024-12-14,R01,1833.17,1835.84,2.67,
2024-12-14,R02,1753.63,1727.37,-26.26,Short — review POS logins for this register/date
2024-12-14,R03,1868.7,1872.54,3.84,
2024-12-15,R01,2349.46,2349.19,-0.27,
2024-12-15,R02,2088.58,2068.32,-20.26,Short — review POS logins for this register/date
2024-12-15,R03,1091.57,1087.1,-4.47,
2024-12-16,R01,940.36,943.99,3.63,
2024-12-16,R02,969.17,938.17,-31.0,Short — review POS logins for this register/date
2024-12-16,R03,1688.36,1692.28,3.92,
2024-12-17,R01,1491.04,1487.31,-3.73,
2024-12-17,R02,908.73,880.35,-28.38,Short — review POS logins for this register/date
2024-12-17,R03,1641.16,1638.54,-2.62,
2024-12-18,R01,1027.4,1026.08,-1.32,
2024-12-18,R02,1405.37,1388.39,-16.98,
2024-12-18,R03,807.89,804.08,-3.81,
2024-12-19,R01,1313.05,1309.73,-3.32,
2024-12-19,R02,1287.56,1261.1,-26.46,Short — review POS logins for this register/date
2024-12-19,R03,985.58,981.89,-3.69,
2024-12-20,R01,2263.65,2261.14,-2.51,
2024-12-20,R02,1791.72,1764.23,-27.49,Short — review POS logins for this register/date
2024-12-20,R03,1503.89,1507.47,3.58,
2024-12-21,R01,943.22,944.77,1.55,
2024-12-21,R02,1198.85,1175.84,-23.01,Short — review POS logins for this register/date
2024-12-21,R03,971.86,972.92,1.06,
2024-12-22,R01,2122.44,2122.59,0.15,
2024-12-22,R02,2317.04,2301.24,-15.8,
2024-12-22,R03,1784.95,1785.2,0.25,
2024-12-23,R01,1939.68,1938.74,-0.94,
2024-12-23,R02,1609.54,1585.26,-24.28,Short — review POS logins for this register/date
2024-12-23,R03,1521.65,1520.52,-1.13,
2024-12-24,R01,1216.59,1219.14,2.55,
2024-12-24,R02,1947.9,1916.13,-31.77,Short — review POS logins for this register/date
2024-12-24,R03,2223.47,2221.12,-2.35,
2024-12-25,R01,1231.84,1231.92,0.08,
2024-12-25,R02,2144.45,2114.47,-29.98,Short — review POS logins for this register/date
2024-12-25,R03,2055.61,2057.76,2.15,
2024-12-26,R01,2262.3,2262.94,0.64,
2024-12-26,R02,2278.37,2251.18,-27.19,Short — review POS logins for this register/date
2024-12-26,R03,1501.72,1501.3,-0.42,
2024-12-27,R01,1536.95,1535.19,-1.76,
2024-12-27,R02,2094.9,2075.29,-19.61,
2024-12-27,R03,1020.58,1020.85,0.27,
2024-12-28,R01,2106.84,2106.94,0.1,
2024-12-28,R02,1044.2,1019.8,-24.4,Short — review POS logins for this register/date
2024-12-28,R03,1648.54,1651.89,3.35,
2024-12-29,R01,1192.14,1196.47,4.33,
2024-12-29,R02,1507.77,1483.88,-23.89,Short — review POS logins for this register/date
2024-12-29,R03,2302.17,2303.77,1.6,
2024-12-30,R01,2033.65,2032.76,-0.89,
2024-12-30,R02,1996.58,1973.25,-23.33,Short — review POS logins for this register/date
2024-12-30,R03,1176.52,1174.88,-1.64,
2024-12-31,R01,1780.99,1780.91,-0.08,
2024-12-31,R02,977.63,947.1,-30.53,Short — review POS logins for this register/date
2024-12-31,R03,2341.69,2344.14,2.45,
